price,cost_price,name,code
210.0,130,Аджапсандали,5998304241270
689.0,130,Аджапсандали,5998304241203
1450.0,667,Антрекот баранина,00145
970.0,667,Баранина лопатка,00035
1230.3375694996028,667,Баранина мякоть,00038
1449.0,1050,Баранина мякоть шашлык,5998304241164
1399.9999999999998,667,Баранина пистолетики,5998304241173
1599.0,1050,Баранина пистолетики шашлык,5998304241163
3000.0,1900,Бастурма говяжья,5998304241225
2500.0000000000005,1600,Бастурма свиная,5998304241226
850.0,0,Блинчики с мясом,00187
180.0,0,Брест-Литовск нарез 130г Сливочный,5998304241142
2000.0,710,Вырезка говяжья,00113
550.0,440,Вырезка свиная,00024
800.0,710,Говядина антрекот,00112
700.0,650,Говядина голень,00114
1038.255212296454,710,Говядина мякоть,00116
800.0,710,Говядина шейный антрекот,00154
450.0,450,Говяжье сердце,00042
720.0,600,Говяжья грудинка,00115
659.0000000000001,400,Грибы на мангале,5998304241160
10.0,5,Добавка халапенья,5998304241291
120.0,65,Добры,5998304241267
120.0,65,Добрый,5998304241268
105.0,65,"Добрый Кола 1,0л ПЭТ",00090
1300.0,600,Долма из виноградных листьев,5998304241200
850.0,520,"""Домашний Шеф"" Пельмени говяжьи",00110
620.0,360,"""Домашний Шеф"" Пельмени куриные",00045
720.0,520,"""Домашний Шеф"" Пельмени свино-говядина",00020
450.0,0,Доставка,5998304241249
250.0,0,Доставка,5998304241258
450.0,0,Доставка,5998304241266
450.0,0,Доставка,5998304241289
450.0,0,Доставка,5998304241276
250.0,160,Дрова,5998304241219
270.0,400,Жарен.грибы на мангале 300гр,5998304241235
270.0,400,Жареные грибы на мангале,5998304241257
65.0,40,Жидкость для Розжига,5998304241278
240.0,100,Запечённый  на мангале картофель  с прямыми травами,5998304241256
240.0,100,Запечённый на мангале картофель с пряными травами,5998304241260
240.0,100,Запечённый на мангале картофель с пряными травами,5998304241274
246.3851044504996,100,Картофель на мангале целый,5998304241161
240.0,100,Картофель по деревне.на углях 300гр,5998304241236
450.0,180,Картофель с салом,5998304241202
450.0,180,Картофель с салом,5998304241262
150.0,65,Кола,5998304241288
150.0,65,Кола,5998304241290
150.0,65,Кола,5998304241286
150.0,65,Кола от Мартина,5998304241284
150.0,65,"Кола от Мартина Классическая ПЭТ сильногаз. б/а напиток 1,5л",5998304241211
210.0,0,Кости,5998304241292
50.0,0,Кости,5998304241287
120.0,120,Кости говяжьи,00034
1350.0,135,Котлеты по-киевски с сыром,00184
980.0,710,Котлеты свино-говяжие,00186
70.0,45,Крем-десерт сливочный с ванилью м.д.ж. 25% 40 г,4860019003139
450.0,0,Купаты,5998304241285
700.0,275,Курдюк бараний,00153
849.9999999999999,430,Курзе говядина,5998304241150
760.0,350,Курзе курица,5998304241151
800.0,650,Курица ассорти шашлык,5998304241184
400.0,550,Курица бедро домашние,00149
349.99999999999994,550,Курица бедро фермерское,00155
549.0000000000001,410,Курица в ассортменте маринов.,5998304241155
350.0,550,Курица голень,00150
400.0,550,Курица голень домашние,5998304241113
350.0,270,Курица крыло,00159
370.0,270,Курица крылья домашние,00148
410.0,275,Курица окорочка домашние,00151
360.00000000000006,275,Курица окорочка фермерские,00156
641.965365404837,410,Курица терияки маринов.,5998304241180
510.0,375,Курица филе домашнее,00147
510.0,375,Курица филе фермерское,00049
39.82695652173913,25,Лаваш 1 шт,5998304241239
90.0,55,Лаваш Армянский,5998304241172
280.0,300,Люля индейки,5998304241193
330.0,430,Люля-Кебаб баранина,5998304241197
250.0,250,Люля-Кебаб из нежной курочки,5998304241250
280.0,710,Люля-Кебаб свино-говяжий,5998304241271
250.0,250,Люля кур.-грибы-сыр,5998304241214
179.48409523809525,250,Люля курин.,5998304241157
248.2979310344828,250,Люля куриные- большое,5998304241280
280.0,440,Люля свин.,5998304241282
280.0,440,Люля Свин-гов-грибы-сыр,5998304241215
180.0,710,Люля свин/говяж,5998304241158
280.0,710,Люля-Свин.Говяж.,5998304241231
90.0,55,Манго маракуйя,5998304241269
10.0,5,Маринованный лук,5998304241272
280.0,150,Масло,5998304241194
100.0,70,"Молоко питьевое пастеризованное м.д.ж. 2,5% 900 г Кореновка",4860019003134
170.0,70,"Молоко питьевое пастеризованное м.д.ж. 2,7% 1400 мл",4860019003133
115.0,70,"Молоко питьевое пастеризованное м.д.ж. 2,7% 900 мл",4860019003140
105.0,70,"Молоко питьев. Пастериз. 3,2% 900г Кореновочка",4860019003122
170.0,120,Молоко сгущенное вареное 360г,4860019003120
180.0,70,"Молоко цельное отборное питьевое пастеризованное м.д.ж. 3,4%-6,0% 1400 мл",4860019003136
5.0,3,Пакет с ручками большой,5998304241174
3.0,3,Пакет с ручками маленький,5998304241175
950.0,710,Перец фаршированный говядина/курица,5998304241207
450.00000000000006,400,Печень говяжья,00041
100.0,100,Пирожок картофель/печень,00133
99.0,0,Прожарка,5998304241281
99.0,0,Прожарка 1 кг мяса,5998304241156
850.0,600,Ребра бараньи,00036
720.0,600,Ребра говяжьи,00033
105.0,65,"Рич Биттер Лемон 0,33л",00085
220.0,350,Рульки свиные,00015
700.0,180,"Салат ""Виталин""",00166
750.0,180,"Салат ""Крабовый""",00144
210.0,275,"Салат""Курочка""",5998304241275
1000.0,180,Салат с баклажанами,00168
440.00000000000006,440,Свинина антрекот,00120
649.0000000000001,500,Свинина антрекот маринов.,5998304241153
648.9999999999999,500,Свинина антрекот Маринов.,5998304241177
490.0,440,Свинина лопатка без кости,00122
500.0,440,Свинина мякоть,00018
649.9999999999999,500,Свинина мякоть маринов.,5998304241176
835.9396808510637,760,Свинина мякоть шашлык,5998304241185
520.0000000000001,420,Свинина почечная,00123
440.0,440,Свинина ребра,00028
649.0000000000001,500,Свинина ребра маринов.,5998304241154
628.6572208501235,500,Свинина ребра маринов.,5998304241178
848.9999999999999,760,Свинина ребра шашлык,5998304241186
749.9999999999999,500,Свинина шейка маринов.,5998304241179
665.2639347108873,440,Свинина шейная,00125
743.2790735784126,500,Свинина шея маринов.,5998304241152
949.0,760,Свинина шея шашлык,5998304241183
230.0,0,Сливочно чесночный,5998304241277
135.0,100,Сметана м.д.ж. 20% 300 г,4860019003127
145.0,100,Сметана м.д.ж. 25% 300 г,4860019003147
200.0,60,Соус белый,5998304241171
100.0,60,Соус белый мал.,5998304241209
200.0,60,Соус красный,5998304241170
99.56916666666666,60,Соус красный мал.,5998304241210
320.0,180,Сочные овощи на мангале,5998304241252
50.0,135,Сыр,5998304241198
45.0,25,Тара большая,5998304241181
15.0,10,Тара маленькая,5998304241182
30.0,18,Тара средняя,5998304241279
350.0,250,Уголь березовый 3кг,5998304241216
680.0,710,Фарш говяжий,00158
500.00000000000006,375,Фарш куриный,00157
410.00000000000006,440,Фарш свиной,00030
685.0,500,Филе грудки в золотистой панировке,LIDER57-007
250.0,60,Фирменный красный соус для мяса и гарниров,5998304241242
250.0,60,Фирменный соус(ассорти),5998304241237
250.0,60,Фирмен.соус-Белый,5998304241238
110.0,710,Хинкали  свино-говяжие,00179
60.0,35,Хлеб Матнакаш,5998304241167
210.0,100,Хрустящие баклажаны,5998304241265
150.0,100,Чебурек куринный,00136
150.0,100,Чебурек куриный,00164
315.0,170,Чебурек с мясом,LIDER57-006
370.0,280,Шаурма из сочных куриных бедер,5998304241246
370.0,280,Шаурма-Курица,5998304241232
370.0,280,"Шаурма ""курица терияки"" на мангале",5998304241263
370.0,440,Шаурма со свининой,5998304241273
300.0,25,Шашлык в лаваше,5998304241188
279.4,650,Шашлык в лаваше куриный,5998304241190
720.0,1050,Шашлык из нежного каре ягненка,5998304241245
660.0,1050,Шашлык из нежной мякоти  ягнёнка,5998304241259
660.0,1050,Шашлык из нежной мякоти ягнёнка,5998304241264
480.0,760,Шашлык из свиной мякоти на углях,5998304241254
420.0,700,Шашлык из свин.ребер на углях,5998304241241
540.0,820,Шашлык из свин.шеи на углях 300гр,5998304241244
495.0,650,Шашлык -Курица,5998304241233
330.0,650,Шашлык Курочка Терияки на углях,5998304241248
848.9999999999999,650,Шашлык терияки,5998304241191
150.0,220,Шея куринная,5998304241283
0.0,440,Шея свиная,00025
200.0,10,Яйцо,5998304241213
